<preset>

<settings>
<intro></intro>
<comments>1</comments>
<requiredentries>0</requiredentries>
<requiredentriestoview>0</requiredentriestoview>
<maxentries>0</maxentries>
<rssarticles>0</rssarticles>
<approval>1</approval>
<manageapproved>1</manageapproved>
<defaultsortdir>0</defaultsortdir>
<defaultsort>0</defaultsort>
</settings>

<field>
<type>picture</type>
<name>Foto2</name>
<required>0</required>
<param2>60</param2>
<param3>512000</param3>
<param5>60</param5>
</field>

<field>
<type>text</type>
<name>Speisename</name>
<required>0</required>
</field>

<field>
<type>textarea</type>
<name>Zutaten</name>
<required>0</required>
<param2>40</param2>
<param3>15</param3>
</field>

<field>
<type>picture</type>
<name>Foto</name>
<required>0</required>
<param1>250</param1>
<param3>0</param3>
<param5>200</param5>
</field>

<field>
<type>checkbox</type>
<name>Speiseart</name>
<required>0</required>
<param1>Vorspeise
Hauptspeise
Nachspeise
Getränk
Kuchen</param1>
</field>

<field>
<type>textarea</type>
<name>Zubereitung</name>
<required>0</required>
<param2>40</param2>
<param3>15</param3>
</field>

<field>
<type>radiobutton</type>
<name>Personenanzahl</name>
<required>0</required>
<param1>1
2
3
4</param1>
</field>

<field>
<type>number</type>
<name>Zubereitungszeit</name>
<required>0</required>
</field>

<field>
<type>radiobutton</type>
<name>Schwierigkeitsgrad</name>
<required>0</required>
<param1>⭐ sehr leicht
⭐⭐ leicht
⭐⭐⭐ mittel
⭐⭐⭐⭐ schwer
⭐⭐⭐⭐⭐ sehr schwer</param1>
</field>

<field>
<type>checkbox</type>
<name>Art</name>
<required>0</required>
<param1>kann alles enthalten
vegetarisch
vegan
mit Fleisch
mit Fisch</param1>
</field>

</preset>